1, 1, 1, -46.664287
1, 2, 1, -61.810821
1, 3, 1, -56.699594
1, 4, 1, -42.774508
1, 5, 1, -88.886460
1, 6, 1, -24.259484
1, 7, 1, -43.170257
1, 8, 1, -46.756373
1, 9, 1, -40.863049
1, 10, 1, -53.635727
1, 1, 2, -46.989857
1, 2, 2, -54.935297
1, 3, 2, -39.592756
1, 4, 2, -60.846790
1, 5, 2, -44.581597
1, 6, 2, -35.702791
1, 7, 2, -49.415115
1, 8, 2, -39.698891
1, 9, 2, -44.451583
1, 10, 2, -61.114530
1, 1, 3, -29.019834
1, 2, 3, -34.963804
1, 3, 3, -23.718814
1, 4, 3, -40.734167
1, 5, 3, -31.100387
1, 6, 3, -19.953188
1, 7, 3, -24.584882
1, 8, 3, -26.585594
1, 9, 3, -25.904943
1, 10, 3, -37.075837
1, 1, 4, -25.469459
1, 2, 4, -31.822518
1, 3, 4, -21.400534
1, 4, 4, -33.218105
1, 5, 4, -29.443249
1, 6, 4, -13.919405
1, 7, 4, -20.618877
1, 8, 4, -24.532126
1, 9, 4, -22.212256
1, 10, 4, -32.910829
1, 1, 5, -26.193767
1, 2, 5, -32.856776
1, 3, 5, -22.875647
1, 4, 5, -31.498638
1, 5, 5, -31.681947
1, 6, 5, -12.503811
1, 7, 5, -20.831159
1, 8, 5, -25.967382
1, 9, 5, -22.402793
1, 10, 5, -33.202981
2, 1, 1, -47.251113
2, 2, 1, -69.515355
2, 3, 1, -54.802238
2, 4, 1, -41.276861
2, 5, 1, -88.867822
2, 6, 1, -23.271666
2, 7, 1, -49.988066
2, 8, 1, -46.054077
2, 9, 1, -45.566939
2, 10, 1, -53.206261
2, 1, 2, -48.499559
2, 2, 2, -65.616004
2, 3, 2, -41.681981
2, 4, 2, -59.598450
2, 5, 2, -43.131313
2, 6, 2, -36.125579
2, 7, 2, -58.918734
2, 8, 2, -38.783222
2, 9, 2, -48.946203
2, 10, 2, -61.141870
2, 1, 3, -30.868645
2, 2, 3, -44.652796
2, 3, 3, -25.703379
2, 4, 3, -40.720858
2, 5, 3, -29.653686
2, 6, 3, -19.660858
2, 7, 3, -32.875722
2, 8, 3, -25.640250
2, 9, 3, -30.593071
2, 10, 3, -37.158084
2, 1, 4, -27.206739
2, 2, 4, -41.322482
2, 3, 4, -23.343763
2, 4, 4, -33.017591
2, 5, 4, -28.001796
2, 6, 4, -13.666663
2, 7, 4, -28.836174
2, 8, 4, -23.563452
2, 9, 4, -26.998515
2, 10, 4, -32.938329
2, 1, 5, -27.840590
2, 2, 5, -42.213748
2, 3, 5, -24.773031
2, 4, 5, -31.202400
2, 5, 5, -30.240631
2, 6, 5, -12.297397
2, 7, 5, -29.020373
2, 8, 5, -24.973167
2, 9, 5, -27.264922
2, 10, 5, -33.192442
3, 1, 1, -39.689737
3, 2, 1, -68.492481
3, 3, 1, -59.357124
3, 4, 1, -43.819029
3, 5, 1, -88.184009
3, 6, 1, -26.636982
3, 7, 1, -49.612347
3, 8, 1, -47.386437
3, 9, 1, -45.701065
3, 10, 1, -53.213224
3, 1, 2, -41.861987
3, 2, 2, -67.745065
3, 3, 2, -47.254358
3, 4, 2, -61.564505
3, 5, 2, -42.347806
3, 6, 2, -39.874302
3, 7, 2, -59.958440
3, 8, 2, -40.356684
3, 9, 2, -48.275193
3, 10, 2, -61.575704
3, 1, 3, -24.649257
3, 2, 3, -45.700852
3, 3, 3, -31.184554
3, 4, 3, -43.885520
3, 5, 3, -28.875760
3, 6, 3, -22.661387
3, 7, 3, -32.584502
3, 8, 3, -27.186536
3, 9, 3, -30.149036
3, 10, 3, -37.672313
3, 1, 4, -20.870031
3, 2, 4, -42.174715
3, 3, 4, -28.785138
3, 4, 4, -35.993018
3, 5, 4, -27.229103
3, 6, 4, -16.710836
3, 7, 4, -28.468778
3, 8, 4, -25.086766
3, 9, 4, -26.652981
3, 10, 4, -33.396693
3, 1, 5, -21.408028
3, 2, 5, -42.920221
3, 3, 5, -30.169799
3, 4, 5, -34.082449
3, 5, 5, -29.467941
3, 6, 5, -15.389702
3, 7, 5, -28.622767
3, 8, 5, -26.471231
3, 9, 5, -26.995433
3, 10, 5, -33.611984
4, 1, 1, -39.491473
4, 2, 1, -55.815192
4, 3, 1, -56.382774
4, 4, 1, -41.180353
4, 5, 1, -87.062883
4, 6, 1, -25.687368
4, 7, 1, -44.985284
4, 8, 1, -45.195795
4, 9, 1, -41.394554
4, 10, 1, -52.099111
4, 1, 2, -42.471008
4, 2, 2, -58.156237
4, 3, 2, -45.230934
4, 4, 2, -58.377387
4, 5, 2, -41.685313
4, 6, 2, -39.325289
4, 7, 2, -56.943891
4, 8, 2, -38.404162
4, 9, 2, -43.142704
4, 10, 2, -60.859059
4, 1, 3, -25.755280
4, 2, 3, -34.932685
4, 3, 3, -29.083474
4, 4, 3, -41.860340
4, 5, 3, -28.220778
4, 6, 3, -21.330396
4, 7, 3, -28.112085
4, 8, 3, -25.209341
4, 9, 3, -25.272283
4, 10, 3, -37.062258
4, 1, 4, -21.852538
4, 2, 4, -31.203964
4, 3, 4, -26.645767
4, 4, 4, -33.776807
4, 5, 4, -26.579340
4, 6, 4, -15.427575
4, 7, 4, -23.917421
4, 8, 4, -23.086957
4, 9, 4, -21.874930
4, 10, 4, -32.729624
4, 1, 5, -22.289043
4, 2, 5, -31.801262
4, 3, 5, -27.987026
4, 4, 5, -31.771298
4, 5, 5, -28.818050
4, 6, 5, -14.156403
4, 7, 5, -24.038906
4, 8, 5, -24.446460
4, 9, 5, -22.293503
4, 10, 5, -32.905298
5, 1, 1, -43.437569
5, 2, 1, -55.834015
5, 3, 1, -57.676037
5, 4, 1, -40.598162
5, 5, 1, -88.014721
5, 6, 1, -20.450862
5, 7, 1, -44.190289
5, 8, 1, -51.299341
5, 9, 1, -42.128177
5, 10, 1, -51.195295
5, 1, 2, -47.114274
5, 2, 2, -61.235602
5, 3, 2, -47.413073
5, 4, 2, -57.273989
5, 5, 2, -43.554778
5, 6, 2, -34.506291
5, 7, 2, -57.965242
5, 8, 2, -44.742656
5, 9, 2, -43.037673
5, 10, 2, -60.322838
5, 1, 3, -30.972465
5, 2, 3, -36.726302
5, 3, 3, -31.201520
5, 4, 3, -41.882647
5, 5, 3, -30.099619
5, 6, 3, -15.695314
5, 7, 3, -27.547847
5, 8, 3, -31.525666
5, 9, 3, -25.447114
5, 10, 3, -36.659326
5, 1, 4, -26.939569
5, 2, 4, -32.788318
5, 3, 4, -28.727002
5, 4, 4, -33.606544
5, 5, 4, -28.463385
5, 6, 4, -9.844323
5, 7, 4, -23.271339
5, 8, 4, -29.381023
5, 9, 4, -22.148504
5, 10, 4, -32.268497
5, 1, 5, -27.268697
5, 2, 5, -33.235302
5, 3, 5, -30.026028
5, 4, 5, -31.506630
5, 5, 5, -30.701838
5, 6, 5, -8.624964
5, 7, 5, -23.357843
5, 8, 5, -30.715853
5, 9, 5, -22.643172
5, 10, 5, -32.403748
6, 1, 1, -41.131942
6, 2, 1, -52.122944
6, 3, 1, -55.884928
6, 4, 1, -38.370203
6, 5, 1, -87.290651
6, 6, 1, -21.425277
6, 7, 1, -41.228824
6, 8, 1, -49.771192
6, 9, 1, -46.511319
6, 10, 1, -51.245397
6, 1, 2, -45.403146
6, 2, 2, -60.582774
6, 3, 2, -46.452916
6, 4, 2, -54.551177
6, 5, 2, -44.059166
6, 6, 2, -35.914242
6, 7, 2, -57.009842
6, 8, 2, -43.446110
6, 9, 2, -46.577780
6, 10, 2, -60.710427
6, 1, 3, -29.908813
6, 2, 3, -34.676569
6, 3, 3, -30.190762
6, 4, 3, -40.250145
6, 5, 3, -30.615179
6, 6, 3, -16.253319
6, 7, 3, -24.897881
6, 8, 3, -30.209454
6, 9, 3, -29.286774
6, 10, 3, -37.207186
6, 1, 4, -25.738641
6, 2, 4, -30.522773
6, 3, 4, -27.680884
6, 4, 4, -31.780219
6, 5, 4, -28.984134
6, 6, 4, -10.458260
6, 7, 4, -20.536475
6, 8, 4, -28.042910
6, 9, 4, -26.086791
6, 10, 4, -32.756950
6, 1, 5, -25.954263
6, 2, 5, -30.817695
6, 3, 5, -28.938818
6, 4, 5, -29.586529
6, 5, 5, -31.222207
6, 6, 5, -9.292587
6, 7, 5, -20.585322
6, 8, 5, -29.353351
6, 9, 5, -26.657426
6, 10, 5, -32.850962
7, 1, 1, -51.242027
7, 2, 1, -44.926254
7, 3, 1, -55.344762
7, 4, 1, -37.037415
7, 5, 1, -81.145529
7, 6, 1, -27.567221
7, 7, 1, -38.885648
7, 8, 1, -49.002757
7, 9, 1, -48.863081
7, 10, 1, -52.318541
7, 1, 2, -56.013306
7, 2, 2, -56.454859
7, 3, 2, -46.689551
7, 4, 2, -52.748746
7, 5, 2, -39.312363
7, 6, 2, -42.504019
7, 7, 2, -56.804371
7, 8, 2, -42.905782
7, 9, 2, -48.090423
7, 10, 2, -62.090954
7, 1, 3, -41.235478
7, 2, 3, -29.043935
7, 3, 3, -30.390149
7, 4, 3, -39.503689
7, 5, 3, -25.881279
7, 6, 3, -21.960359
7, 7, 3, -22.949904
7, 8, 3, -29.651958
7, 9, 3, -31.114530
7, 10, 3, -38.775022
7, 1, 4, -36.920383
7, 2, 4, -24.667967
7, 3, 4, -27.846332
7, 4, 4, -30.839001
7, 5, 4, -24.255406
7, 6, 4, -16.225321
7, 7, 4, -18.500394
7, 8, 4, -27.463866
7, 9, 4, -28.012910
7, 10, 4, -34.264136
7, 1, 5, -37.016119
7, 2, 5, -24.809451
7, 3, 5, -29.064280
7, 4, 5, -28.552255
7, 5, 5, -26.492980
7, 6, 5, -15.115222
7, 7, 5, -18.508688
7, 8, 5, -28.750203
7, 9, 5, -28.659284
7, 10, 5, -34.316081
8, 1, 1, -49.386177
8, 2, 1, -42.641999
8, 3, 1, -54.509771
8, 4, 1, -37.562684
8, 5, 1, -80.400881
8, 6, 1, -28.185227
8, 7, 1, -38.022836
8, 8, 1, -48.283679
8, 9, 1, -49.333336
8, 10, 1, -52.447425
8, 1, 2, -54.571869
8, 2, 2, -57.242028
8, 3, 2, -46.580679
8, 4, 2, -52.828301
8, 5, 2, -40.030141
8, 6, 2, -43.581210
8, 7, 2, -58.069755
8, 8, 2, -42.411179
8, 9, 2, -47.733645
8, 10, 2, -62.497358
8, 1, 3, -40.574223
8, 2, 3, -28.239188
8, 3, 3, -30.257162
8, 4, 3, -40.606036
8, 5, 3, -26.613627
8, 6, 3, -22.124273
8, 7, 3, -22.567070
8, 8, 3, -29.142676
8, 9, 3, -31.084652
8, 10, 3, -39.395605
8, 1, 4, -36.105984
8, 2, 4, -23.634934
8, 3, 4, -27.680796
8, 4, 4, -31.745987
8, 5, 4, -24.992911
8, 6, 4, -16.453318
8, 7, 4, -18.026082
8, 8, 4, -26.933391
8, 9, 4, -28.080988
8, 10, 4, -34.822789
8, 1, 5, -36.075210
8, 2, 5, -23.621990
8, 3, 5, -28.859835
8, 4, 5, -29.367000
8, 5, 5, -27.229869
8, 6, 5, -15.400695
8, 7, 5, -17.990693
8, 8, 5, -28.195905
8, 9, 5, -28.802771
8, 10, 5, -34.831828
9, 1, 1, -43.192697
9, 2, 1, -40.871492
9, 3, 1, -59.467594
9, 4, 1, -29.138181
9, 5, 1, -78.765682
9, 6, 1, -37.743273
9, 7, 1, -34.132032
9, 8, 1, -44.064889
9, 9, 1, -47.618837
9, 10, 1, -51.365064
9, 1, 2, -48.716103
9, 2, 2, -58.501340
9, 3, 2, -52.217131
9, 4, 2, -43.980680
9, 5, 2, -39.853303
9, 6, 2, -53.605161
9, 7, 2, -56.029682
9, 8, 2, -38.413116
9, 9, 2, -45.212121
9, 10, 2, -61.663127
9, 1, 3, -35.556505
9, 2, 3, -27.873788
9, 3, 3, -35.882347
9, 4, 3, -32.749190
9, 5, 3, -26.452964
9, 6, 3, -31.208312
9, 7, 3, -19.240163
9, 8, 3, -25.132412
9, 9, 3, -28.898442
9, 10, 3, -38.802028
9, 1, 4, -30.926271
9, 2, 4, -23.035453
9, 3, 4, -33.274794
9, 4, 4, -23.693555
9, 5, 4, -24.837388
9, 6, 4, -25.605459
9, 7, 4, -14.604150
9, 8, 4, -22.902287
9, 9, 4, -25.992192
9, 10, 4, -34.165968
9, 1, 5, -30.762118
9, 2, 5, -22.867485
9, 3, 5, -34.415969
9, 4, 5, -21.223231
9, 5, 5, -27.073616
9, 6, 5, -24.612225
9, 7, 5, -14.521686
9, 8, 5, -24.141258
9, 9, 5, -26.788955
9, 10, 5, -34.131252
10, 1, 1, -41.504204
10, 2, 1, -39.742129
10, 3, 1, -57.802251
10, 4, 1, -31.034404
10, 5, 1, -78.199038
10, 6, 1, -37.916623
10, 7, 1, -37.184738
10, 8, 1, -44.225100
10, 9, 1, -50.205779
10, 10, 1, -51.367546
10, 1, 2, -47.297484
10, 2, 2, -60.254668
10, 3, 2, -51.185886
10, 4, 2, -45.475043
10, 5, 2, -40.701743
10, 6, 2, -54.244183
10, 7, 2, -60.277582
10, 8, 2, -38.790201
10, 9, 2, -47.019590
10, 10, 2, -61.885036
10, 1, 3, -35.027868
10, 2, 3, -28.083294
10, 3, 3, -34.852333
10, 4, 3, -35.203442
10, 5, 3, -27.319120
10, 6, 3, -30.886970
10, 7, 3, -22.937993
10, 8, 3, -25.499759
10, 9, 3, -31.046668
10, 10, 3, -39.290467
10, 1, 4, -30.226102
10, 2, 4, -23.005473
10, 3, 4, -32.214923
10, 4, 4, -25.952393
10, 5, 4, -25.708667
10, 6, 4, -25.356182
10, 7, 4, -18.203227
10, 8, 4, -23.249146
10, 9, 4, -28.237163
10, 10, 4, -34.589813
10, 1, 5, -29.921462
10, 2, 5, -22.682285
10, 3, 5, -33.319250
10, 4, 5, -23.391725
10, 5, 5, -27.944058
10, 6, 5, -24.424257
10, 7, 5, -18.070014
10, 8, 5, -24.464852
10, 9, 5, -29.108377
10, 10, 5, -34.510483
11, 1, 1, -52.613838
11, 2, 1, -44.006675
11, 3, 1, -46.505563
11, 4, 1, -29.397397
11, 5, 1, -76.226274
11, 6, 1, -40.552323
11, 7, 1, -37.451439
11, 8, 1, -42.974200
11, 9, 1, -42.101350
11, 10, 1, -47.064205
11, 1, 2, -58.617673
11, 2, 2, -67.062480
11, 3, 2, -40.481515
11, 4, 2, -43.456130
11, 5, 2, -40.080725
11, 6, 2, -57.335275
11, 7, 2, -60.773707
11, 8, 2, -37.752235
11, 9, 2, -38.170270
11, 10, 2, -57.773304
11, 1, 3, -47.284203
11, 2, 3, -33.627081
11, 3, 3, -24.161286
11, 4, 3, -34.114586
11, 5, 3, -26.717299
11, 6, 3, -33.006480
11, 7, 3, -23.926788
11, 8, 3, -24.454502
11, 9, 3, -22.540969
11, 10, 3, -35.470349
11, 1, 4, -42.300611
11, 2, 4, -28.304842
11, 3, 4, -21.495317
11, 4, 4, -24.668727
11, 5, 4, -25.111953
11, 6, 4, -27.551646
11, 7, 4, -19.089348
11, 8, 4, -22.183751
11, 9, 4, -19.827418
11, 10, 4, -30.703714
11, 1, 5, -41.848146
11, 2, 5, -27.826639
11, 3, 5, -22.563785
11, 4, 5, -22.018796
11, 5, 5, -27.346399
11, 6, 5, -26.682952
11, 7, 5, -18.901402
11, 8, 5, -23.376468
11, 9, 5, -20.772460
11, 10, 5, -30.578898
12, 1, 1, -50.632019
12, 2, 1, -44.251610
12, 3, 1, -47.482190
12, 4, 1, -33.241432
12, 5, 1, -74.912492
12, 6, 1, -40.722595
12, 7, 1, -47.063054
12, 8, 1, -43.465363
12, 9, 1, -40.448327
12, 10, 1, -48.610147
12, 1, 2, -56.795076
12, 2, 2, -69.242404
12, 3, 2, -42.011248
12, 4, 2, -46.936964
12, 5, 2, -40.046918
12, 6, 2, -57.936589
12, 7, 2, -69.653138
12, 8, 2, -38.452318
12, 9, 2, -35.813295
12, 10, 2, -59.484096
12, 1, 3, -46.438535
12, 2, 3, -35.096997
12, 3, 3, -25.715975
12, 4, 3, -38.496612
12, 5, 3, -26.704111
12, 6, 3, -32.638192
12, 7, 3, -34.332003
12, 8, 3, -25.149721
12, 9, 3, -20.528277
12, 10, 3, -37.496879
12, 1, 4, -41.261995
12, 2, 4, -29.525961
12, 3, 4, -23.022716
12, 4, 4, -28.857007
12, 5, 4, -25.103854
12, 6, 4, -27.263118
12, 7, 4, -29.387770
12, 8, 4, -22.859181
12, 9, 4, -17.909779
12, 10, 4, -32.662835
12, 1, 5, -40.654146
12, 2, 5, -28.893354
12, 3, 5, -24.056285
12, 4, 5, -26.118976
12, 5, 5, -27.337253
12, 6, 5, -26.459573
12, 7, 5, -29.140767
12, 8, 5, -24.029183
12, 9, 5, -18.927928
12, 10, 5, -32.491654
13, 1, 1, -50.645632
13, 2, 1, -45.239613
13, 3, 1, -45.946948
13, 4, 1, -33.391349
13, 5, 1, -66.933113
13, 6, 1, -38.779263
13, 7, 1, -52.815869
13, 8, 1, -45.857917
13, 9, 1, -39.794782
13, 10, 1, -47.933685
13, 1, 2, -56.923909
13, 2, 2, -71.312820
13, 3, 2, -40.992307
13, 4, 2, -46.741198
13, 5, 2, -33.273969
13, 6, 2, -56.380905
13, 7, 2, -74.021746
13, 8, 2, -41.049719
13, 9, 2, -34.502275
13, 10, 2, -58.946931
13, 1, 3, -47.580239
13, 2, 3, -37.260087
13, 3, 3, -24.733124
13, 4, 3, -39.174037
13, 5, 3, -19.953143
13, 6, 3, -30.132999
13, 7, 3, -40.943677
13, 8, 3, -27.744659
13, 9, 3, -19.560339
13, 10, 3, -37.298474
13, 1, 4, -42.198717
13, 2, 4, -31.436521
13, 3, 4, -22.013812
13, 4, 4, -29.342237
13, 5, 4, -18.357957
13, 6, 4, -24.841387
13, 7, 4, -35.888324
13, 8, 4, -25.434679
13, 9, 4, -17.035888
13, 10, 4, -32.395554
13, 1, 5, -41.427715
13, 2, 5, -30.650516
13, 3, 5, -23.013415
13, 4, 5, -26.517354
13, 5, 5, -20.590209
13, 6, 5, -24.104906
13, 7, 5, -35.577567
13, 8, 5, -26.582236
13, 9, 5, -18.126334
13, 10, 5, -32.177117
14, 1, 1, -49.919924
14, 2, 1, -43.633710
14, 3, 1, -52.431771
14, 4, 1, -31.202689
14, 5, 1, -64.757729
14, 6, 1, -38.816425
14, 7, 1, -51.825614
14, 8, 1, -46.003375
14, 9, 1, -44.189265
14, 10, 1, -48.910232
14, 1, 2, -56.276033
14, 2, 2, -69.878679
14, 3, 2, -47.958888
14, 4, 2, -44.223256
14, 5, 2, -32.233300
14, 6, 2, -56.737549
14, 7, 2, -71.360007
14, 8, 2, -39.766277
14, 9, 2, -38.290329
14, 10, 2, -60.038547
14, 1, 3, -47.976972
14, 2, 3, -36.782908
14, 3, 3, -31.746390
14, 4, 3, -37.502046
14, 5, 3, -18.935762
14, 6, 3, -29.584001
14, 7, 3, -40.870918
14, 8, 3, -26.460588
14, 9, 3, -23.688725
14, 10, 3, -38.750653
14, 1, 4, -42.377426
14, 2, 4, -30.703818
14, 3, 4, -29.002234
14, 4, 4, -27.480118
14, 5, 4, -17.345629
14, 6, 4, -24.379439
14, 7, 4, -35.699903
14, 8, 4, -24.131457
14, 9, 4, -21.257218
14, 10, 4, -33.777350
14, 1, 5, -41.435314
14, 2, 5, -29.765816
14, 3, 5, -29.968778
14, 4, 5, -24.569709
14, 5, 5, -19.576638
14, 6, 5, -23.711924
14, 7, 5, -35.320289
14, 8, 5, -25.256842
14, 9, 5, -22.419059
14, 10, 5, -33.510756
15, 1, 1, -48.021374
15, 2, 1, -44.052846
15, 3, 1, -50.539333
15, 4, 1, -31.389698
15, 5, 1, -63.642069
15, 6, 1, -38.841111
15, 7, 1, -53.811644
15, 8, 1, -46.525673
15, 9, 1, -45.065188
15, 10, 1, -48.006119
15, 1, 2, -54.423799
15, 2, 2, -69.736643
15, 3, 2, -46.515795
15, 4, 2, -44.096338
15, 5, 2, -32.184287
15, 6, 2, -56.982874
15, 7, 2, -71.639353
15, 8, 2, -41.457744
15, 9, 2, -38.614343
15, 10, 2, -59.226684
15, 1, 3, -47.197567
15, 2, 3, -38.287250
15, 3, 3, -30.360016
15, 4, 3, -38.194501
15, 5, 3, -18.911287
15, 6, 3, -28.997142
15, 7, 3, -43.826450
15, 8, 3, -28.039674
15, 9, 3, -24.349047
15, 10, 3, -38.319858
15, 1, 4, -41.365845
15, 2, 4, -31.950476
15, 3, 4, -27.592190
15, 4, 4, -27.985051
15, 5, 4, -17.326190
15, 6, 4, -23.883091
15, 7, 4, -38.535010
15, 8, 4, -25.679771
15, 9, 4, -22.009293
15, 10, 4, -33.274619
15, 1, 5, -40.244493
15, 2, 5, -30.862258
15, 3, 5, -28.526556
15, 4, 5, -24.990518
15, 5, 5, -19.555861
15, 6, 5, -23.286428
15, 7, 5, -38.080990
15, 8, 5, -26.783651
15, 9, 5, -23.241544
15, 10, 5, -32.958958
16, 1, 1, -50.589475
16, 2, 1, -46.608482
16, 3, 1, -48.395998
16, 4, 1, -29.463905
16, 5, 1, -62.302670
16, 6, 1, -39.194513
16, 7, 1, -52.379482
16, 8, 1, -47.334907
16, 9, 1, -43.718923
16, 10, 1, -49.389185
16, 1, 2, -57.011850
16, 2, 2, -71.282915
16, 3, 2, -44.791402
16, 4, 2, -41.870999
16, 5, 2, -31.847903
16, 6, 2, -57.422519
16, 7, 2, -68.594536
16, 8, 2, -42.990831
16, 9, 2, -36.772986
16, 10, 2, -60.680656
16, 1, 3, -50.883844
16, 2, 3, -41.886837
16, 3, 3, -28.701789
16, 4, 3, -36.762515
16, 5, 3, -18.600638
16, 6, 3, -28.712439
16, 7, 3, -43.409446
16, 8, 3, -29.459395
16, 9, 3, -22.838941
16, 10, 3, -40.174041
16, 1, 4, -44.804564
16, 2, 4, -35.291151
16, 3, 4, -25.911439
16, 4, 4, -26.368714
16, 5, 4, -17.020557
16, 6, 4, -23.692217
16, 7, 4, -37.992596
16, 8, 4, -27.068463
16, 9, 4, -20.589669
16, 10, 4, -35.055270
16, 1, 5, -43.495693
16, 2, 5, -34.054867
16, 3, 5, -26.814483
16, 4, 5, -23.291533
16, 5, 5, -19.248801
16, 6, 5, -23.168270
16, 7, 5, -37.458129
16, 8, 5, -28.150621
16, 9, 5, -21.891260
16, 10, 5, -34.689622
17, 1, 1, -50.618622
17, 2, 1, -45.793165
17, 3, 1, -52.064451
17, 4, 1, -33.153433
17, 5, 1, -61.183272
17, 6, 1, -42.177401
17, 7, 1, -44.911838
17, 8, 1, -48.242102
17, 9, 1, -43.835193
17, 10, 1, -49.419875
17, 1, 2, -57.039052
17, 2, 2, -69.256065
17, 3, 2, -48.850291
17, 4, 2, -45.274456
17, 5, 2, -31.672540
17, 6, 2, -60.319591
17, 7, 2, -59.659298
17, 8, 2, -44.038661
17, 9, 2, -36.452057
17, 10, 2, -60.762410
17, 1, 3, -52.032521
17, 2, 3, -42.075983
17, 3, 3, -32.835692
17, 4, 3, -40.933770
17, 5, 3, -18.452153
17, 6, 3, -31.029378
17, 7, 3, -36.996764
17, 8, 3, -30.392892
17, 9, 3, -22.843386
17, 10, 3, -40.673760
17, 1, 4, -45.688938
17, 2, 4, -35.221185
17, 3, 4, -30.023934
17, 4, 4, -30.359374
17, 5, 4, -16.877070
17, 6, 4, -26.106150
17, 7, 4, -31.449295
17, 8, 4, -27.970676
17, 9, 4, -20.683250
17, 10, 4, -35.479816
17, 1, 5, -44.184153
17, 2, 5, -33.839339
17, 3, 5, -30.896487
17, 4, 5, -27.201089
17, 5, 5, -19.103797
17, 6, 5, -25.656758
17, 7, 5, -30.827801
17, 8, 5, -29.030895
17, 9, 5, -22.053034
17, 10, 5, -35.063252
18, 1, 1, -42.603382
18, 2, 1, -37.835561
18, 3, 1, -51.692501
18, 4, 1, -33.325903
18, 5, 1, -61.173267
18, 6, 1, -42.597505
18, 7, 1, -41.249817
18, 8, 1, -46.630353
18, 9, 1, -42.221382
18, 10, 1, -48.075175
18, 1, 2, -49.003819
18, 2, 2, -60.041941
18, 3, 2, -48.842066
18, 4, 2, -45.173488
18, 5, 2, -32.552151
18, 6, 2, -60.446770
18, 7, 2, -54.685726
18, 8, 2, -42.573459
18, 9, 2, -34.458824
18, 10, 2, -59.450448
18, 1, 3, -45.140519
18, 2, 3, -35.084700
18, 3, 3, -32.910723
18, 4, 3, -41.575429
18, 5, 3, -19.359734
18, 6, 3, -30.754281
18, 7, 3, -34.424284
18, 8, 3, -28.812415
18, 9, 3, -21.169009
18, 10, 3, -39.796120
18, 1, 4, -38.514372
18, 2, 4, -27.971708
18, 3, 4, -30.078642
18, 4, 4, -30.824795
18, 5, 4, -17.789631
18, 6, 4, -25.931050
18, 7, 4, -28.740765
18, 8, 4, -26.358660
18, 9, 4, -19.096599
18, 10, 4, -34.525313
18, 1, 5, -36.805189
18, 2, 5, -26.447138
18, 3, 5, -30.921513
18, 4, 5, -27.587017
18, 5, 5, -20.014756
18, 6, 5, -25.558019
18, 7, 5, -28.025076
18, 8, 5, -27.396726
18, 9, 5, -20.533354
18, 10, 5, -34.056895
19, 1, 1, -44.424346
19, 2, 1, -42.404147
19, 3, 1, -43.315571
19, 4, 1, -33.263610
19, 5, 1, -65.662832
19, 6, 1, -38.521602
19, 7, 1, -39.352058
19, 8, 1, -48.258485
19, 9, 1, -35.641185
19, 10, 1, -47.240269
19, 1, 2, -50.790027
19, 2, 2, -63.392240
19, 3, 2, -40.803843
19, 4, 2, -44.849610
19, 5, 2, -37.881228
19, 6, 2, -55.844296
19, 7, 2, -51.625469
19, 8, 2, -44.354091
19, 9, 2, -27.555757
19, 10, 2, -58.631451
19, 1, 3, -48.090835
19, 2, 3, -40.582445
19, 3, 3, -24.963393
19, 4, 3, -41.969309
19, 5, 3, -24.717822
19, 6, 3, -25.952374
19, 7, 3, -33.646104
19, 8, 3, -30.476853
19, 9, 3, -14.577793
19, 10, 3, -39.426423
19, 1, 4, -41.162179
19, 2, 4, -33.213387
19, 3, 4, -22.112044
19, 4, 4, -31.047408
19, 5, 4, -23.152679
19, 6, 4, -21.231968
19, 7, 4, -27.820897
19, 8, 4, -27.991306
19, 9, 4, -12.591638
19, 10, 4, -34.077013
19, 1, 5, -39.240066
19, 2, 5, -31.549246
19, 3, 5, -22.926019
19, 4, 5, -27.731809
19, 5, 5, -25.376121
19, 6, 5, -20.937063
19, 7, 5, -27.003192
19, 8, 5, -29.007005
19, 9, 5, -14.094073
19, 10, 5, -33.555795
20, 1, 1, -37.841912
20, 2, 1, -39.068890
20, 3, 1, -43.397346
20, 4, 1, -27.688672
20, 5, 1, -65.444044
20, 6, 1, -38.501903
20, 7, 1, -46.372369
20, 8, 1, -48.866478
20, 9, 1, -36.035179
20, 10, 1, -48.923963
20, 1, 2, -44.160862
20, 2, 2, -58.914320
20, 3, 2, -41.200907
20, 4, 2, -39.024216
20, 5, 2, -38.455848
20, 6, 2, -55.051683
20, 7, 2, -57.618443
20, 8, 2, -45.120567
20, 9, 2, -27.681227
20, 10, 2, -60.315692
20, 1, 3, -42.646358
20, 2, 3, -38.139866
20, 3, 3, -25.458385
20, 4, 3, -36.837042
20, 5, 3, -25.322446
20, 6, 3, -25.174154
20, 7, 3, -41.812191
20, 8, 3, -31.126246
20, 9, 3, -15.007753
20, 10, 3, -41.573593
20, 1, 4, -35.393362
20, 2, 4, -30.518154
20, 3, 4, -22.588796
20, 4, 4, -25.749467
20, 5, 4, -23.762245
20, 6, 4, -20.559218
20, 7, 4, -35.839464
20, 8, 4, -28.608654
20, 9, 4, -13.106332
20, 10, 4, -36.143790
20, 1, 5, -33.249783
20, 2, 5, -28.717886
20, 3, 5, -23.374637
20, 4, 5, -22.357778
20, 5, 5, -25.983922
20, 6, 5, -20.344163
20, 7, 5, -34.911212
20, 8, 5, -29.601776
20, 9, 5, -14.673091
20, 10, 5, -35.568817
